薪邪蟹胁邪薪懈械;胁械褋_褕芯泻芯谢邪写泻懈
袩芯谢褢褌;700
袩芯谢褢褌;81
袩芯谢褢褌;7
袩芯谢褢褌;74
袩芯谢褢褌;71
袩芯谢褢褌;70
袩芯谢褢褌;68
袩芯谢褢褌;76
袩芯谢褢褌;70
袩芯谢褢褌;73
袩芯谢褢褌;65
袩芯谢褢褌;75
袩芯谢褢褌;73
袩芯谢褢褌;70
袩芯谢褢褌;67
袩芯谢褢褌;59
袩芯谢褢褌;63
袩芯谢褢褌;68
袩芯谢褢褌;65
袩芯谢褢褌;65
袩芯谢褢褌;81
袩芯谢褢褌;69
袩芯谢褢褌;64
袩芯谢褢褌;57
袩芯谢褢褌;58
袩芯谢褢褌;68
袩芯谢褢褌;70
袩芯谢褢褌;71
袩芯谢褢褌;71
袩芯谢褢褌;71
袩芯谢褢褌;65
袩芯谢褢褌;72
袩芯谢褢褌;69
袩芯谢褢褌;68
袩芯谢褢褌;62
袩芯谢褢褌;71
袩芯谢褢褌;74
袩芯谢褢褌;74
袩芯谢褢褌;70
袩芯谢褢褌;67
袩芯谢褢褌;86
袩芯谢褢褌;73
袩芯谢褢褌;71
袩芯谢褢褌;77
袩芯谢褢褌;70
袩芯谢褢褌;65
袩芯谢褢褌;70
袩芯谢褢褌;66
袩芯谢褢褌;75
袩芯谢褢褌;66
袩芯谢褢褌;74
袩芯谢褢褌;75
袩芯谢褢褌;74
袩芯谢褢褌;77
袩芯谢褢褌;71
袩芯谢褢褌;69
袩芯谢褢褌;67
袩芯谢褢褌;67
袩芯谢褢褌;75
袩芯谢褢褌;60
袩芯谢褢褌;68
袩芯谢褢褌;63
袩芯谢褢褌;82
袩芯谢褢褌;62
袩芯谢褢褌;58
袩芯谢褢褌;71
袩芯谢褢褌;67
袩芯谢褢褌;67
袩芯谢褢褌;71
袩芯谢褢褌;72
袩芯谢褢褌;75
袩芯谢褢褌;73
袩芯谢褢褌;70
袩芯谢褢褌;66
袩芯谢褢褌;73
袩芯谢褢褌;70
袩芯谢褢褌;69
袩芯谢褢褌;71
袩芯谢褢褌;73
袩芯谢褢褌;64
袩芯谢褢褌;71
袩芯谢褢褌;69
袩芯谢褢褌;73
袩芯谢褢褌;81
袩芯谢褢褌;71
袩芯谢褢褌;68
袩芯谢褢褌;65
袩芯谢褢褌;66
袩芯谢褢褌;69
袩芯谢褢褌;74
袩芯谢褢褌;70
袩芯谢褢褌;72
袩芯谢褢褌;73
袩芯谢褢褌;68
袩芯谢褢褌;65
袩芯谢褢褌;82
袩芯谢褢褌;70
袩芯谢褢褌;62
袩芯谢褢褌;73
袩芯谢褢褌;70
泻芯褋屑芯褋;70
泻芯褋屑芯褋;86
泻芯褋屑芯褋;81
泻芯褋屑芯褋;89
泻芯褋屑芯褋;86
泻芯褋屑芯褋;85
泻芯褋屑芯褋;83
泻芯褋屑芯褋;91
泻芯褋屑芯褋;90
泻芯褋屑芯褋;88
泻芯褋屑芯褋;80
泻芯褋屑芯褋;90
泻芯褋屑芯褋;88
泻芯褋屑芯褋;85
泻芯褋屑芯褋;82
泻芯褋屑芯褋;74
泻芯褋屑芯褋;78
泻芯褋屑芯褋;83
泻芯褋屑芯褋;80
泻芯褋屑芯褋;80
泻芯褋屑芯褋;96
泻芯褋屑芯褋;84
泻芯褋屑芯褋;79
泻芯褋屑芯褋;72
泻芯褋屑芯褋;73
泻芯褋屑芯褋;83
泻芯褋屑芯褋;85
泻芯褋屑芯褋;86
泻芯褋屑芯褋;86
泻芯褋屑芯褋;86
泻芯褋屑芯褋;80
泻芯褋屑芯褋;87
泻芯褋屑芯褋;84
泻芯褋屑芯褋;83
泻芯褋屑芯褋;77
泻芯褋屑芯褋;86
泻芯褋屑芯褋;89
泻芯褋屑芯褋;89
泻芯褋屑芯褋;85
泻芯褋屑芯褋;82
泻芯褋屑芯褋;91
泻芯褋屑芯褋;88
泻芯褋屑芯褋;94
泻芯褋屑芯褋;92
泻芯褋屑芯褋;85
泻芯褋屑芯褋;80
泻芯褋屑芯褋;85
泻芯褋屑芯褋;81
泻芯褋屑芯褋;90
泻芯褋屑芯褋;81
泻芯褋屑芯褋;89
泻芯褋屑芯褋;90
泻芯褋屑芯褋;99
泻芯褋屑芯褋;102
泻芯褋屑芯褋;86
泻芯褋屑芯褋;84
泻芯褋屑芯褋;82
泻芯褋屑芯褋;82
泻芯褋屑芯褋;90
泻芯褋屑芯褋;75
泻芯褋屑芯褋;83
泻芯褋屑芯褋;78
泻芯褋屑芯褋;87
泻芯褋屑芯褋;77
泻芯褋屑芯褋;73
泻芯褋屑芯褋;92
泻芯褋屑芯褋;82
泻芯褋屑芯褋;82
泻芯褋屑芯褋;86
泻芯褋屑芯褋;87
泻芯褋屑芯褋;90
泻芯褋屑芯褋;88
泻芯褋屑芯褋;85
泻芯褋屑芯褋;81
泻芯褋屑芯褋;88
泻芯褋屑芯褋;85
泻芯褋屑芯褋;84
泻芯褋屑芯褋;93
泻芯褋屑芯褋;88
泻芯褋屑芯褋;79
